Designator,Mid X,Mid Y,Rotation,Layer
C101,42.164,-27.165,90.0,top
C102,44.958,-27.94,0.0,top
C103,44.834251,-34.434509,180.0,top
C301,32.258,-28.715,270.0,top
C302,34.785,-32.512,180.0,top
J101,34.544,-23.622,270.0,bottom
J102,34.544,-38.862,270.0,bottom
J201,48.514,-31.242,180.0,top
J301,23.173,-31.246,270.0,top
R301,29.901,-33.138,0.0,top
R302,29.901,-29.836,0.0,top
U101,40.015074,-31.242,270.0,top
U301,34.798,-29.228001,270.0,top
Y101,44.702674,-31.245928,90.0,top
